id,name,alternate_roles,keywords
81,Active Directory,"GPO, Systems Engineer, Configuration manager, SCCM, Intune, patch management, MSP, MECM, MDM, Powershell script, Endpoint, Security policy, Help desk, Windows autopilot, Application packaging, OS deployment, Service now, ITSM, Automation Engineer, Jamf, office 365, microsoft 365, Modern work place, Network Engineer, DNS, DHCP","Systems Engineer, Endpoint Systems Engineer, Microsoft Systems Engineer, Windows Systems Engineer, IT Systems Engineer, Infrastructure Engineer, Intune Engineer, Endpoint Management Engineer, Workplace Technology Engineer, Device Management Engineer, Active Directory Engineer, Active Directory, Group Policy Engineer, GPO Engineer, Modern Workplace Engineer, Systems Administrator, Desktop Infrastructure Engineer, IT Operations, Client Platform Engineer, End User Computing, EUC, IT Configuration Management Engineer, Enterprise Mobility Engineer, Intune, SCCM, Endpoint Security Engineer, Microsoft Endpoint Configuration, MECM, Workplace Solutions Architect, Endpoint Management Solutions Architect, Identity and Access Management,Endpoint Protection Engineer, Active Directory Security Engineer, Patch Management Engineer, Endpoint Management, Microsoft Systems Administration, Infrastructure Management, Microsoft Intune, Device Management, Active Directory, Group Policy Objects, GPO, Modern Workplace Solutions, Desktop Infrastructure, IT Operations, Client Platform Support, Configuration Management, Enterprise Mobility Management, EMM, Endpoint Security, Identity and Access Management, IAM, Patch Management, Workplace Technology, Security Policy Enforcement, Device Provisioning & Enrollment, Software Deployment, Security Compliance, Automation & Scripting, PowerShell, Hybrid Environment Management, Azure AD, Conditional Access Policies, Endpoint Protection Solutions, Solution Architecture, Technical Support, Troubleshooting, Cloud Infrastructure, On-Prem Infrastructure, Device Lifecycle Management, Application Lifecycle Management, Zero Trust Architecture, Role Based Access Control, RBAC, Multi Factor Authentication, MFA, System Monitoring and Reporting, DNS, DHCP, Network Engineer"
82,Anti Money Laundering (AML),"KYC Analyst, BSA, Fraud Analyst, Financial Analyst, Financial Crime, Risk Analyst, compliance analyst, sanctions, SAR, OFAC","AML, Anti Money Laundering, Anti-Money Laundering, Anti-Fraud, Transaction Monitoring, Compliance Analyst, Compliance Specialist, KYC, Risk Analyst, Risk Specialist, Client Due Diligence, Client Onboarding, Know Your Customer, CDD, Onboarding, BSA, Bank Secrecy Act, Fraud Analyst, Fraud Detection, Fraud Investigator, Fraud Risk Analyst, Financial Crime, ABAC, Anit Bribery and Anti Corruption, Anti-Bribery & Corruption, Financial Crime, Fraud Risk, Credit Risk, Market Risk, Operational Risk, Risk Analyst, Compliance Risk Analyst, Compliance Risk Specialist, Audit Analyst, Audit Specialist, FP&A Analyst, Finance Analyst, Investment Analyst, Treasury Analyst, SAR, Fraud Analyst, Financial Crime, Sanctions, Compliance, Risk Analyst, Risk Management, SAR, OFAC, Sanctions, Risk Analyst, Risk Management"
84,Biotechnology,"Molecular Biology, Microbiology, Biochemist, Biopharma, Pharmaceutical Research, Life Sciences","Biotech, Biotechnology, Molecular Biology, Molecular Biologist, Molecular, Microbiology, Microbiologist, Biochemistry, Biochemist, Biopharma, Biopharmaceutical, Biomedical, Geneticist, Cell Biologist, Stem Cell, Life Sciences, Biosciences, R&D, Research Associate, Research Assistant, Clinical Research, Clinical trials, Drug Discovery, Pharmaceutical, Pharmacologist, Preclinical, Genomics, Proteomics, Bioanalytical, Biomanufacturing, GMP, GCP"
85,Biotechnology Internship,"Patient Access, Clinical Trials, Medical Affairs, Medical Access, Pharmacovigilance, Project Management, Business Development, Marketing, Growth","Biotech, Biotechnology, Project Management, Project, Product, Program, Business Developement, Marketing, Growth"
86,Business Analyst,Data Analyst,"Business, Scrum, Business Analyst, Business Intelligence, BI, Data Analyst, Data Platform Engineer, Reporting Analyst, BI, Operations Analyst, Operations Specialist, Product Analyst, Product Specialist, Reporting, Analytics Visualization Engineer, Power BI, Business Intelligence, Data Specialist, Tableau, Visualization, Dashboard, Data Visualization, Analytics Consultant, Power BI/Tableau Developer,Business analyst"
87,Business Intelligence Engineer,"Product Analytics Engineer, Data Analyst,  Power BI, Tableau, Data Visualisation, Reporting, Data Analytics","Business Intelligence, Business Insights, Analytics Engineer, Product Analytics, Analytics Engineer, Analytics Technologist, Data Analyst, Data Platform Engineer, Reporting Analyst, Operations Analyst, Operations Specialist, Product Analyst, Product Specialist, Reporting, Analytics Visualization, Power BI, Data Specialist, Tableau, Visualization, Dashboard, Data Visualization, Analytics Consultant, Power BI/Tableau Developer, Wealth Management, Data Analyst, Data Platform Engineer, Reporting Analyst, Operations Analyst, Operations Specialist, Product Analyst, Product Specialist, Reporting, Analytics Visualization, Power BI, Business Intelligence, Data Specialist, Tableau, Visualization, Dashboard, Data Visualization, Analytics Consultant, Power BI/Tableau Developer, Business analyst"
88,CLINICAL DATA ANALYST,"Clinical Informatics, Health Informatics","Healthcare Data Scientist, Clinical Data Scientist, Clinical Decision Support Data, Healthcare Data, Healthcare ML, Clinical Data, Medical Data, Clinical Informatics, EHR Data, Health Data, Medical Data, Population Health, Data Scientist, Data Science, Data Mining Specialist, Data Analyst, Data Specialist, Healthcare, Clinical, Data"
89,Clinical Research Coordinator,"Clinical Trials Coordinator, Clinical Study Coordinator, Clinical Site Coordinator, Clinical Trial Site Coordinator, Clinical Trials, Clinical Research","Clinical Research Coordinator, Clinical Research Assistant, Clinical Research Associate, Clinical Trials Coordinator, Clinical Trials Assistant, Clinical Trials Associate, Clinical Study Coordinator, Research Study Coordinator, Study Coordinator, Clinical Coordinator, Clinical Site Coordinator, Clinical Trial Support Specialist, Clinical Project Coordinator, Research Coordinator , Swat Coordinator, CRA, CRC, CTA, RSC, SC, Aide"
90,Cloud Engineer,"Cloud Engineer, Linux, IT Support, DevOps, Customer Cloud Support","Cloud Security & DevOps, Cloud, AWS, Azure, GCP, Kubernetes, Platform Engineer, Infrastructure Engineer, Infrastructure Reliability, Infrastructure Automation, Cloud Automation, Infrastructure as Code, IaC,  Cloud Engineer, Cloud Operations, Platform Support Engineer, Automation Engineer, Cloud, AWS, Cloud Operations, Platform Support, Infrastructure, Automation Engineer, Linux, IT Support, Cloud, DevOps Engineer, DevOps Architect, DevOps Consultant, DevOps Specialist, DevOps Automation Engineer, DevOps Infrastructure Engineer, DevOps, DevSecOps, DevOps Security, DevOps & Security Automation, Cloud Security & DevOps, Cloud DevOps, AWS DevOps, Azure DevOps, GCP DevOps, Kubernetes DevOps Engineer, Platform Engineer, Site Reliability Engineer, SRE, SRE/DevOps, SRE Architect, Infrastructure Engineer, Infrastructure Reliability, DevOps & Release, CI/CD, Infrastructure Automation, Cloud Automation, Infrastructure as Code (IaC), Systems Engineer DevOps. Build and Release, Cloud Engineer, Cloud Operations, Platform Support Engineer, Automation Engineer, Systems Engineer, Site Reliabilty, Cloud, AWS Devops, Build and Release Engineer, CI/CD, Cloud Operations, Platform Support, Infrastructure, Automation Engineer"
91,Computer Science,"Software Engineer (Junior & New Grad), Software Engineer - New Grad, Entry Level Software Developer, Business Analyst, Data Analyst","grad, Graduate, Entry Level, Software Developer, Software Engineer, Engineer, Technologist, Technology, Technology Specialist, software, developer, Engineer, frontend, backend, sql, fullstack, analyst, automation, devops, Python, web, AI, Artifical Intelligence, ML, machine learning, engineer, data analyst, data engineer, data science, data scientist, fullstack, Gen AI, devops"
92,Computer Science Internship,"Software Engineer, Data Analyst, Data Engineer, Data Scientist, Software Developer, Artificial Intelligence, Machine Learning ","Intern, Data Scientist, Data Science, Machine Learning, ML, Aritifical Intelligence, AI, Data Platform Engineer, Data Mining Specialist, Data Analyst, Data Specialist, Software Developer, Software Engineer, Technologist, Technology, Technology Specialist, software, developer, frontend, backend, sql, automation, devops, Python,  web, Java, .Net, Dot Net, Dotnet, fullstack, full-stack, full stack, Microsoft Stack Developer, Dot, Net, Dotnet, front-end, back-end, LAMP Stack, MEAN Stack, MERN Stack, Software Engineer, End-to-End Developer, Application Developer, Cross-platform, Frontend, Backend, Web Developer, Front End, Back End, Front-End, Back-End, Fullstack"
93,Construction Management,"Construction Project Manager, Site Manager, Site Engineer, Project Engineer (Construction), Civil Engineer (Site), Field Engineer, Construction Supervisor, Site Supervisor, Project Coordinator (Construction), Construction Planner, Planning Engineer, Scheduling Engineer, Quantity Surveyor, Estimation Engineer, Cost Engineer, Contracts Engineer, Project Controls Engineer, Construction Operations Manager, Site Operations Manager, Infrastructure Project Manager, Civil Project Manager, Structural Engineer (Site), Execution Engineer, Billing Engineer (Construction), Procurement Engineer (Construction), Construction Quality Engineer, QA/QC Engineer (Construction), Safety Officer (Construction), EHS Engineer (Construction), Construction Coordinator","Construction Management, Project Management (Construction), Site Management, Civil Engineering, Infrastructure Projects, Building Construction, Commercial Construction, Residential Construction, Industrial Construction, Site Execution, Project Planning, Scheduling, Primavera P6, MS Project, Construction Scheduling, Project Coordination, Quantity Surveying, BOQ (Bill of Quantities), Estimation, Cost Estimation, Cost Control, Budgeting, Tendering, Contract Management, Procurement, Vendor Management, Material Management, Billing, RA Bills, Measurement Book (MB), Site Supervision, Construction Supervision, Quality Control, QA/QC, Site Inspection, Safety Management, EHS, Construction Safety, Risk Management, Resource Planning, Workforce Management, Project Monitoring, Progress Tracking, Construction Documentation, Drawings, AutoCAD, Structural Drawings, Civil Drawings"
94,Credit controller,"Credit Controller, Accounts, Finance","Credit controller, Accounts Assistant, Accounts receivable, Finance Assistant, Credit, Accounts, Finance"
95,CRM Sales,"Technical Sales, IT Sales, Sales","CRM, Pre-Sales, Salesforce Consultant, Technical Account, Account Executive, Product Consultant, Sales Engineer, Sales Technologist, IT Sales, IT Solutions Technology Sales, Customer Success, Sales Account, Salesforce Customer Relationship, Technical Sales, Sales Engineer, Solutions Consultant, Solutions Engineer, Presales, Solution Sales, Product Sales, Sales, Software Sales, SaaS Sales, Salesforce"
96,CRM Specialist,"Technical Sales, IT Sales","CRM, Salesforce Consultant, Technical Account, Account Executive, Product Consultant, Sales Engineer, Sales Technologist, IT Sales, IT Solutions Technology Sales, Customer Success, Sales Account, Salesforce Customer Relationship, Technical Sales, Sales Engineer, Solutions Consultant, Solutions Engineer, Solution Sales, Product Sales, Software Sales, SaaS Sales, Salesforce"
97,Cyber security,"Cybersecurity, Cloud Security, Cloud Engineer","Cyber Threat, Cybersecurity, Information Security, Security Architect, Security Operations Center, SOC, InfoSec, Security Analyst, Security Operations, GRC, IT Security, Incident Response, Network Security, Identity and Access Management, IAM, Cyber, SOC, Cyber Threat, Cloud Engineer, Cloud Ops, Security, NOC, SOAR, Red Team"
99,Data Analyst,"Power BI, Tableau, Data Visualisation, Reporting, Data Analytics","Data Analyst, Data Platform Engineer, Reporting Analyst, Operations Analyst, Operations Specialist, Product Analyst, Product Specialist, Reporting, Analytics Visualization, Power BI, Business Intelligence, Data Specialist, Tableau, Visualization, Dashboard, Data Visualization, Analytics Consultant, Power BI/Tableau Developer, Business analyst"
100,Data Analyst Internships,"Data Analyst, Power BI, Tableau, Data Visualisation, Reporting, Data Analytics, Machine Learning, Generative AI, Machine Learning Engineer, Database Engineer, SQL Developer, ETL Developer, Business Intelligence Engineer","Data Analyst, Data Platform Engineer, Reporting Analyst, Operations Analyst, Operations Specialist, Product Analyst, Product Specialist, Reporting, Analytics Visualization, Power BI, Business Intelligence, Data Specialist, Tableau, Visualization, Dashboard, Data Visualization, Analytics Consultant, Power BI/Tableau Developer, Business analyst, Data Engineer, Data Pipeline Engineer, Data Platform Engineer, ETL, Big Data, Analytics Engineer, Analytics Technologist, Cloud Data Technologist, DataOps, Database Engineer, SQL, database, Business Intelligence, Data Scientist, Data Science, Machine Learning, ML, Artificial Intelligence, AI, Data Platform Engineer, Data Mining Specialist, Data Specialist, Generative AI, Agentic AI"
101,Database Administration,"Database Engineer, SQL Developer, ETL Developer","ETL, Big Data, Analytics Engineer, Analytics Technologist, Cloud Data Technologist, DataOps, Database Engineer, SQL, database,"
102,Data Engineer,"database admin post, post base sql, my sql,EnterpriseDB, Database Engineer, SQL Developer, ETL Developer, Business Intelligence Engineer","Data Engineer, Data Pipeline Engineer, Data Platform Engineer, ETL, Big Data, Analytics Engineer, Analytics Technologist, Cloud Data Technologist, DataOps, Database Engineer, SQL, database, Business Intelligence"
105,Data Scientist,"Machine Learning, Generative AI, Machine Learning Engineer","Data Scientist, Data Science, Machine Learning, ML, Artificial Intelligence, AI, Data Platform Engineer, Data Mining Specialist, Data Specialist, Generative AI, Agentic AI"
108,DevOps,Cloud Engineer,"DevOps Engineer, DevOps Architect, DevOps Consultant, DevOps Specialist, DevOps Automation Engineer, DevOps Infrastructure Engineer, DevOps, DevSecOps, DevOps Security, DevOps & Security Automation, Cloud Security & DevOps, Cloud DevOps, AWS DevOps, Azure DevOps, GCP DevOps, Kubernetes DevOps Engineer, Platform Engineer, Site Reliability Engineer, SRE, SRE/DevOps, SRE Architect, Infrastructure Engineer, Infrastructure Reliability, DevOps & Release, CI/CD, Infrastructure Automation, Cloud Automation, Infrastructure as Code (IaC), Systems Engineer DevOps. Build and Release, Cloud Engineer, Cloud Operations, Platform Support Engineer, Automation Engineer, Systems Engineer, Site Reliabilty, Cloud, AWS Devops, Build and Release Engineer, CI/CD, Cloud Operations, Platform Support, Infrastructure, Automation Engineer, Systems"
112,Electrical Engineer,"Controls Engineer, QA automation testing, Automotive test engineer, integration testing, Hill testing","Electrical Project Engineer, Project Electrical Engineer, Electrical Design, Field Engineer Electrical, Field Technologist Electrical, Site Engineer Electrical, Site Technologist Electrical, Electrical Controls, Electrical Engineer, Mechatronics Engineer, Power Systems Engineer, Automation Engineer, Automation Technologist, Power Distribution Engineer, Controls Engineer, Automation Engineer, Electrical, project, Product, Program"
113,Electrical Project,Electrical Engineer,"Electrical Project Engineer, Project Electrical Engineer, Electrical Design, Field Engineer Electrical, Field Technologist Electrical, Site Engineer Electrical, Site Technologist Electrical,Electrical Controls, Electrical Engineer, Mechatronics Engineer, Power Systems Engineer, Automation Engineer, Automation Technologist, Power Distribution Engineer, Controls Engineer, Automation Engineer, Electrical, project, Product, Program"
114,Electronic Health Records (EHR),"Claims Analyst (Healthcare), Medical Coding, Health Informatics","Certified Professional Coder, CPC, Clinical Coder, Health Information Coder, Medical Coder, Medical Coding Specialist, Health Information Technician, Medical Biller, Revenue Cycle Specialist, EHR, Electronic Health Records, Health Information Coder, Clinical Systems, Medical Records, Clinical Claims, Healthcare Claims, Medical Claims, Payer Claims, Insurance Claims, coding, billing, records, specialist, health informat, coder, EHR, scribe, Insurance, Reimbursement, coding, billing, records, specialist, coder, scribe, Insurance"
116,Embedded Software Engineer,"Network Engineer, Firmware Engineer","Embedded Developer, Embedded Software Engineer, Embedded Systems Engineer, Firmware Engineer, Real-time Systems Engineer, Programmer Analyst, Software Programmer, Electronics Engineer, Electronics Technologist, Hardware Engineer, Hardware Technologist, Systems Engineer, Systems Technologist, Embedded,firmware, C, C++, Infrastructure Solutions Engineer, Network, IT Support, Infrastructure, Systems, Support"
117,Environmental Health and Safety (EHS),"Safety Analyst, HSE (Health, Safety, Environment), Health and Safety,Safety Management System, Environment, Health, Safety and Quality (EHSQ)","EHS, Environmental, Safety, EH&S, ESHQ, HES, Safety, EMS, HSE, OHS, OSHA 29 CFR 1910/1926, ISO 45001, ISO 14001, NEBOSH, IOSH, Risk Assessment, Job Hazard Analysis, JHA, Root Cause Analysis, RCA, Safety Audit, Workplace Safety, Environmental Compliance, Industrial Safety, Emergency Preparedness, Hazard Identification, HIRA, CAPA, Corrective and Preventive Actions, Fire Safety, Incident, Investigation"
118,ERP,SAP,"ERP, SAP, Supply Chain, Procurement"
119,Financial analyst,"FP&A analyst, Financial controller, Fraud Analyst, Financial Crime, Fincrime, Risk Analyst, compliance analyst, sanctions, SAR, OFAC","Anti-Fraud, Transaction Monitoring, Compliance Analyst, Compliance Specialist, KYC, Risk Analyst, Risk Specialist, Client Due Diligence, Client Onboarding, Know Your Customer, CDD, Onboarding, BSA, Bank Secrecy Act, Fraud Analyst, Fraud Detection, Fraud Investigator, Fraud Risk Analyst, Financial Crime, ABAC, Anit Bribery and Anti Corruption, Anti-Bribery & Corruption, Financial Crime, Fraud Risk, Credit Risk, Market Risk, Operational Risk, Risk Analyst, Compliance Risk Analyst, Compliance Risk Specialist, Audit Analyst, Audit Specialist, FP&A Analyst, Finance Analyst, Investment Analyst, Treasury Analyst, SAR, Fraud Analyst, Financial Crime, Sanctions, Compliance, Risk Analyst, Risk Management, SAR, OFAC, Sanctions, Risk Analyst, Risk Management"
122,Full Stack,Software Engineer,"Full Stack, LAMP Stack, MEAN Stack, MERN Stack, Software Engineer, End-to-End Developer, Application Developer, Cross-platform, Frontend, Backend, Web Developer, Front End, Back End, Front-End, Back-End, Fullstack, Application, Software Architect, Software Development Engineer, SDE, Software Engineer, Software Programmer, Developer, Platform Engineer, Platform Technologist, Tech Consultant, Technology Consultant, software, developer, web, developer"
123,Generative AI,"Gen AI, LLM Engineer, Data Scientist, Agentic AI, Machine Learning","Generative AI Engineer, Generative AI Developer, GenAI Engineer, GenAI Developer, Prompt Engineer, Prompt Developer, LLM Engineer, LLM Developer, Large Language Model Engineer, Foundation Model Engineer, Multimodal AI Engineer, AI Content Generation Engineer, Text Generation Engineer, Conversational AI Engineer, AI Research Engineer, AI Scientist, Applied AI Scientist, Transformer Model Engineer, Synthetic Media Engineer, Data Scientist, Data Science, Machine Learning, ML, Artificial Intelligence, AI, Data Platform Engineer, Data Mining Specialist, Data Specialist, Generative AI, Agentic AI, Machine Learning, ML, AI/ML"
124,Healthcare Data Analyst,"Clinical Data Analyst, Medical Data Analyst, Population Health Analyst, Health Informatics, Healthcare Analyst, EHR Data Analyst, EPIC Analyst","Healthcare Data Analyst, Health Data, Clinical Data, EHR, EMR, Epic Clarity, Epic Reporting, Cerner, Tableau, Power BI, SQL, Python, R, SAS, Data Visualization, Healthcare Analytics, Healthcare BI, Health Informatics, Population Health, Clinical Outcomes, Claims Data, Payer Analytics, Provider Data, Healthcare Reporting, Quality Measures, CMS, HEDIS, HIPAA Compliance, Healthcare Dashboards, Health Data Management, Medical Data Analysis, Risk Adjustment, Patient Outcomes, Data Warehousing, Public Health Analytics, Healthcare Quality Analyst, Data Governance, HL7, FHIR, ICD-10, CPT Codes, Health Insurance Analytics, Utilization Management"
127,HR Recruiter,"HR, HR Coordinator, Payroll Analyst, Benefits Analyst, HRIS ","Coordinator, Recruiter, Recruitment, Consultant, Talent Acquisition, Technical Recruiter, Acquisition, Staffing, Hiring Coordinator, Specialist, Sourcing, Human Resources, Recruitment Focus, Employment Specialist, Employment"
128,Java Developer,"Full Stack, Software Engineer","Java, J2EE, Spring Developer,developer,frontend,backend,web, fullstack,front-end,back-end,full-stack, front end, back end, full stack, Software Architect, Software Development Engineer, SDE, Software Engineer, Software Programmer, Developer, Platform Engineer, Platform Technologist, Tech Consultant, Technology Consultant, software, developer, web, developer"
129,Java Full Stack,"Java Developer, Software Engineer","Java, J2EE, Spring Developer,developer,frontend,backend,web, fullstack,front-end,back-end,full-stack, front end, back end, full stack, Software Architect, Software Development Engineer, SDE, Software Engineer, Software Programmer, Developer, Platform Engineer, Platform Technologist, Tech Consultant, Technology Consultant, software, developer, web, developer"
130,Manufacturing engineer (Mechanical),"Manufacturing engineer, Mechanical Engineer, MES Engineer, Manufacturing Execution Systems, Quality engineer, Industrial engineer, Lean specialist, Continuous improvement engineer","Mechanical Engineer, Product Development Engineer, HVAC, Manufacturing, Project Engineer, Project Technologist, Maintenance, Manufacturing, Quality, Industrial, Lean specialist, Continuous improvement, Mechanical, MES, Manufacturing execution systems, execution, Reliability, Process engineer, materials, Automation, Production Specialist"
132,Mechanical Engineer,"Design Engineer, Manufacturing Engineer, Quality engineer, Industrial engineer, Lean specialist, Continuous improvement engineer	","Design Engineer, Mechanical Engineer, Product Development Engineer, HVAC, Manufacturing, Project Engineer, Project Technologist, Maintenance, Manufacturing, Quality, Industrial, Lean specialist, Continuous improvement, Mechanical, Design"
133,Medical Coding,"Electronic Health Records (EHR), Clinical Coder, health informatics","Certified Professional Coder, CPC, Clinical Coder, Health Information Coder, Medical Coder, Medical Coding Specialist, Health Information Technician, Medical Biller, Revenue Cycle Specialist, EHR, Electronic Health Records, Health Information Coder, Clinical Systems, Medical Records, Clinical Claims, Healthcare Claims, Medical Claims, Payer Claims, Insurance Claims, coding, billing, records, specialist, health informat, coder, EHR, scribe, Insurance, Reimbursement, coding, billing, records, specialist, coder, scribe, Insurance"
134,.Net,Full Stack,".NET, Microsoft Stack Developer, Full Stack,Dot, Net, Dotnet, software,developer,frontend,backend, fullstack,front-end,back-end,developer, Full Stack, LAMP Stack, MEAN Stack, MERN Stack, Software Engineer, End-to-End Developer, Application Developer, Cross-platform, Frontend, Backend, Web Developer, Front End, Back End, Front-End, Back-End, Fullstack"
135,Network Engineer,"Intune, SCCM, Embedded software engineer, firmware engineer, system engineer, support engineer","Intune, SCCM, Endpoint, MECM, Infrastructure Solutions Engineer, Network, IT Support, Infrastructure, Systems, Support, Embedded Developer, Embedded Software Engineer, Embedded Systems Engineer, Embedded, Firmware Engineer, Real-time Systems Engineer, Programmer Analyst, Software Programmer, Electronics Engineer, Electronics Technologist, Hardware Engineer, Hardware Technologist, Systems Engineer, Systems Technologist, Embedded, firmware, C, C++"
136,Payroll Analyst,"Benefits analyst, Workday Analyst, HRIS","Compensation & Benefits, Compensation, Benefits, Payroll Administrator, Payroll Analyst, Payroll Specialist, Payroll, Compensation Analyst, Compensation Specialist, Finance Operations, HR Operations, Workday Analyst, Workday Functional Analyst, Workday HCM Analyst, Workday, ERP Analyst, ERP Specialist, ERP, HR Analyst, HR Specialist, HRIS Analyst, HRIS Specialist, HRIS"
137,Pharmacovigilance,"Drug Safety, Regulatory Affairs, Clinical Research Coordinator, Clinical Trials Coordinator, Clinical Study Coordinator, Clinical Site Coordinator, Clinical Trial Site Coordinator, Clinical Trials, Clinical Research","Pharmacovigilance, Drug Safety, Regulatory Affairs, Clinical Research Coordinator, Clinical Research Assistant, Clinical Research Associate, Clinical Trials Coordinator, Clinical Trials Assistant, Clinical Trials Associate, Clinical Study Coordinator, Research Study Coordinator, Study Coordinator, Clinical Coordinator, Clinical Site Coordinator, Clinical Trial Support Specialist, Clinical Project Coordinator, Research Coordinator , Swat Coordinator, CRA, CRC, CTA, RSC, SC, Aide"
138,Product Manager,"Product Owner, Product Analyst, Strategy associate, Project Management, Project Engineer","Product manager, product owner, product analyst, strategy associate, Project Manager, Technical Delivery Manager, Delivery Coordinator, Delivery Lead, Delivery Manager, Program Lead, Program Manager, Project Coordinator, Scrum Master, PMO, Project Management, Project Support, Project Lead, Project Assistant, Project Delivery Engineer, Project Engineer, Technical Project Engineer,Project, Product, Program"
139,Project Manager,"Product Manager, Project Engineer","Project Manager, Technical Delivery Manager, Delivery Coordinator, Delivery Lead, Delivery Manager, Program Coordinator, Program Lead, Program Manager, Project Coordinator, Scrum Master, PMO, Project Management, Project Support, Project Lead, Project Assistant, Project Delivery Engineer, Project Engineer, Technical Project Engineer,Project, Product, Program"
140,Project Management Internship,"Project Management, Program Manager, Project Engineer","Project Manager, Technical Delivery Manager, Delivery Coordinator, Delivery Lead, Delivery Manager, Program Coordinator, Program Lead, Program Manager, Project Coordinator, Scrum Master, PMO, Project Management, Project Support, Project Lead, Project Assistant, Project Delivery Engineer, Project Engineer, Technical Project Engineer, Project, Product manager, product, Program manager"
141,python developer,"Python, aws developer, Python Engineer, Python Programmer, Flask Developer","Python, AWS, Python Developer, Python Engineer, Python Programmer, Python Software Developer, Python Web Developer, Python Backend Developer, Backend Developer (Python), Full Stack Developer (Python), Django Developer, Flask Developer, Python Automation Developer, Python Scripting Developer, Python API Developer, Python Application Developer, Python Consultant, Python Technical Specialist, Software Engineer (Python), ML Engineer (Python), AI Developer (Python), Data Engineer (Python), Python Data Analyst, Scientific Python Developer, Embedded Python Developer, Python Systems Developer, Python Integration Developer, AWS Developer (Python), Cloud Developer (Python), AWS Lambda Developer (Python), Data Analyst, Data Scientist, Machine Learning, ML, Artificial Intelligence, AI"
142,Quality Engineer,"Automation Engineer, Testing Engieer","QA, Quality Assurance, Quality, Test Engineer, Process Engineer, Process Technologist, Product Assurance, Automation, Quality Systems, Controls Engineer, Controls Technologist, SDET, Manual Tester, Testing Analyst, Testing Specialist, DataOps, Testing, Automation Testing, Functional Testing, Regression Testing, Smoke Testing, UAT, POM, Page Object Model, Test Automation Framework, REST API Testing, UI Testing, Firmware Testing, SDET, Automation Engineer, Test Engineer, Software QA, Quality Systems, Controls Engineer, Product Assurance, Assurance"
143,Regulatory Affairs,"Clinical Research, Quality Assurance, Quality Check, Pharmacovigilence","Pharmacovigilance, Quality Assurance, QA, Quality Check, QC, Regulatory Affairs, Regulatory, Clinical, Quality, Regulatory Analyst, Clinical Reseach Coordinator, Regulatory Operations Coordinator, Compliance Officer, Drug, Drug Safety, Regulatory Affairs, Regulatory Policy, Regulatory Intelligence, Healthcare Compliance, Regulatory Labeling, Clinical Compliance"
144,Safety Analyst,"Environmental Health and Safety (EHS), HSE (Health, Safety, Environment), Health and Safety,Safety Management System, Environment, Health, Safety and Quality (EHSQ)","EHS Cordinator, Environmental Safety, EH&S, safety cordinator,HES, EMS,Safety Analyst, EHS Analyst, HSE, OHS, OSHA, ISO 45001, ISO 14001, NEBOSH, IOSH, Risk Assessment, Job Hazard Analysis, JHA, Root Cause Analysis, RCA, Safety Audit Workplace Safety, Environmental Compliance, Industrial Safety, Emergency Preparedness, Hazard Identification, HIRA, CAPA, Corrective and Preventive Actions"
145,Sailpoint,Identity and Access Management (IAM),"Sailpoint, Sail Point"
146,Sales executive,"Sales Executive, CRM, Marketing Executive","Sales, CRM, Account, Marketing"
147,Salesforce Developer,"Salesforce Admin, Salesforce, CRM,Salesforce Technical Lead ,Salesforce Solution Architect,Salesforce Platform Developer II,Salesforce Release/Deployment Specialist,Salesforce QA/Test Engineer ,Salesforce Support Engineer /Admin Support,Salesforce Project Coordinator / Delivery Lead,Salesforce data analyst , salesforce engineer ,Salesforce marketing cloud , Salesforce vlocity , Salesforce CPQ developer,CRM Developer ,CRM Consultant ,CRM Business Analyst ,CRM Solution Architect ,CRM Data Analyst ,CRM Integration Specialist 	,CRM Project Manager ,Customer Success / CRM Operations Manager","Salesforce, CRM, Sales force"
148,SAP,"SAP Basis, SAP MM, SAP HANA, Supply Chain, Order to cash, Procure to Pay, Procurement, Inventory, Operations, Logistics","SAP, SAP MM, SAP Logistics, SAP Procurement, SAP HANA, SAP S/4 HANA, SAP S4 HANA, OTC, Order to Cash, P2P, Procure to Pay, Purchasing Analyst, Purchasing Specialist, Purchasing, Procurement Analyst, Procurement Specialist, Procurement, Strategic Sourcing Analyst, Demand & Supply, Supply Chain Analyst, Supply Chain, Vendor Data, Master Data, Vendor, Inventory Analyst, Inventory Control Specialist, Inventory Management Analyst, Inventory, Stock Control Analyst, Operations Analyst, Operations Specialist, Operations, Continuous Improvement Specialist, Process Analyst, Process Specialist, Logistics Analyst, Logistics Coordinator, Logistics, Transportation Analyst, Freight Analyst, Freight Specialist, Supply Chain Specialist"
149,Sap basis and security,"SAP Basis, SAP, Security Engineer, Supply Chain Analyst","SAP Basis, SAP NetWeaver, SAP System, SAP Technical Consultant, SAP MM, SAP Logistics, SAP Procurement, SAP HANA, SAP S/4 HANA, SAP S4 HANA, SAP Module, SAP, SAP SD, SAP, OTC, Order to Cash, P2P, Procure to Pay, Purchasing Analyst, Purchasing Specialist, Purchasing, Procurement Analyst, Procurement Specialist, Procurement, Strategic Sourcing Analyst, Demand & Supply, Supply Chain Analyst, Supply Chain, Vendor Data, Master Data, Vendor, Inventory Analyst, Inventory Control Specialist, Inventory Management Analyst, Inventory, Stock Control Analyst, Operations Analyst, Operations Specialist, Operations, Continuous Improvement Specialist, Process Analyst, Process Specialist, Logistics Analyst, Logistics Coordinator, Logistics, Transportation Analyst, , Freight Analyst, Freight Specialist, Supply Chain Specialist"
150,SAP MM,"SAP MM Consultant, SAP MM Functional Consultant, SAP Materials Management Consultant, SAP MM Analyst, SAP Procurement Consultant, SAP P2P Consultant, SAP S/4HANA MM Consultant, SAP S/4 Procurement Consultant, SAP MM Techno-Functional Consultant, SAP MM Business Analyst, SAP MM Implementation Consultant","SAP MM, SAP Materials Management, Procure to Pay, P2P, SAP S/4HANA MM, SAP Procurement, SAP Purchasing, SAP Inventory Management, Purchase Requisition, Purchase Order, Goods Receipt, Invoice Verification, Vendor Master Data, Material Master Data, Source List, Quota Arrangement, Pricing Conditions, Stock Management, Procurement, Inventory Control, Warehouse Management, Supply Chain, Vendor Management, SAP Integration, IDoc, SAP Ariba"
151,Scrum Master,"Business Analyst, Data Analyst","Agile, Scrum, Delivery Coordinator, Delivery Lead, Delivery Manager, Delivery, Kanban, Business, Business Analyst, Business Intelligence, BI, Data Analyst, Data Platform Engineer, Reporting Analyst, BI, Operations Analyst, Operations Specialist, Product Analyst, Product Specialist, Reporting, Analytics Visualization Engineer, Power BI, Business Intelligence, Data Specialist, Tableau, Visualization, Dashboard, Data Visualization, Analytics Consultant, Power BI/Tableau Developer, Business analyst"
153,ServiceNow Developer,"Servicenow, ITSM, ITOM","Service Now, ServiceNow, ITSM Developer, ITOM Developer, SNOW, SN Developer, Application, Tech Consultant, Technology Consultant"
154,Software Developer,"Java Developer, Software Engineer,","Application Developer, Application, Backend, Software Architect, Software Developer, Software, Programmer, Developer, Back End, back-end, Java, J2EE, Spring Developer, developer, frontend, backend, web, fullstack, front-end, back-end, full-stack, front end, back end, full stack, Software Architect, Software Development Engineer, SDE, Software Engineer, Software Programmer, Developer, Platform Engineer, Platform Technologist, Systems Engineer, Systems Technologist, Tech Consultant, Technology Consultant, software, developer, web, developer"
155,Software Engineer,"Software Developer, python developer","Application, Backend, Frontend, Software Architect, Software Development Engineer, SDE, Software Engineer, Software Programmer, Developer, Platform Engineer, Platform Technologist, Tech Consultant, Technology Consultant, Back End, Front End, Back-end, Front-end,software,developer,web, fullstack,developer, Python"
156,Supply Chain,"Procurement, Inventory, Operations, Logistics","Supply Chain Analyst, Supply Chain, Demand & Supply Planner, Inventory Analyst, Logistics Analyst, Procurement Analyst, Operations Analyst, Operations Specialist, procurement, material, planner, logistic, inventory, buyer, seller, analyst, procurement"
157,Tax analyst,"Tax Associate, Tax Consultant, Corporate Tax Analyst, Indirect Tax Specialist, Tax Accountant, Tax Compliance Analyst, Transfer Pricing Analyst","Tax, Analyst, Associate, Consultant, Compliance Analyst, Accountant, Corporate Tax, Indirect Tax, Direct Tax, Transfer Pricing, International Tax, Advisor, Coordinator, Planning, Tax Reporting, Tax Operations, State and Local Tax, SALT, Federal Tax, Income Tax, Global Tax, Tax Staff, Officer, Administrator, Staff Tax Analyst, Compliance, Strategy, Technology Analyst, M&A, Transaction Tax, Transaction, Excise Tax, Excise, VAT"
158,UX Designer,"Product Designer, UI/UX Designer, UX/UI Designer, UX Researcher, UI Designer, Experience Designer, Interaction Designer, Usability Designer, Visual Designer, Digital Product Designer ","UX, UI, UX Designer, UI/UX Designer, UX/UI Designer, Product Designer, User Experience Designer, User Interface Designer, UI Designer, Interaction Designer, Experience Designer, UX Researcher, UX Architect, UX Specialist, UX Strategist, Digital Designer, Visual UX Designer, Creative UX Designer, Usability Designer, Human-Centered Designer, Information Architect, User-Centered Designer"
159,Workday Analyst,"Workday, HRIS, Payroll analyst, Compensation Analyst, Benefits analyst","Workday Analyst, Workday Integration Developer, Workday Consultant, Workday Developer, Workday administrator, workday Implementation Consultant workday Hris Analyst, Workday HCM Consultant, Workday Integration Consultant, Workday Financial Consultant, Workday Analyst, Workday Functional Analyst, Workday HCM Analyst, Workday, Compensation & Benefits, Compensation, Benefits, Payroll Administrator, Payroll Analyst, Payroll Specialist, Payroll, Compensation Analyst, Compensation Specialist, Finance Operations, HR Operations, ERP Analyst, ERP Specialist, ERP, HR Analyst, HR Specialist, HRIS Analyst, HRIS Specialist, HRIS, Financial Analyst, Financial, Fraud"
161,Big Data Engineer,"Data Engineer, Database Engineer, SQL Developer, ETL Developer, Business Intelligence Engineer","Big Data, Data Engineer, Data Pipeline Engineer, Data Platform Engineer, ETL, Big Data, Analytics Engineer, Analytics Technologist, Cloud Data Technologist, DataOps, Database Engineer, SQL, database, Business Intelligence"
165,Security Engineer,"Cybersecurity, Cyber security, Information Security Engineer, Security Analyst, SOC Engineer, Security Consultant, Cloud Security Engineer","Security Engineer, Cybersecurity, Cyber security,InfoSec, Security Operations, SOC Analyst, Cloud Security, Application Security, Threat Analyst, Security Operations Center, Security Specialist, Security Architect, Vulnerability Management, Identity & Access Management, Network Security, Security Monitoring"
172,Sustainability analyst,"Sustainability analyst, ESG Analyst, Environmental Analyst, Climate Analyst, CSR Analyst, Energy Analyst, Corporate Sustainability Specialist","Sustainability, ESG, Environmental, Climate, Renewable Energy, CSR, Corporate Responsibility, Sustainability Reporting, Carbon Analyst, Energy Efficiency, Green Initiatives, Climate Risk, Environmental Policy, Sustainable Finance, Net Zero, Circular Economy"
173,Quality Assurance Engineer,"QA Tester, Software Tester, Test Engineer, Validation Engineer, Quality Engineer, QA Specialist","Quality Assurance, QA, Software Tester, Test Engineer, QA Analyst, Manual Tester, Quality Specialist, Software Quality, Test Validation, Verification, Product Quality, Release Quality, Test Execution, QA Engineer"
175,Game Developer,"Unity Developer, Gameplay, Shader Engineer, Extended Reality Developer, Augmented Reality Developer, Virtual Reality Developer, AR Developer, VR Developer, Unreal Engine, Unreal Developer, Technical Artist","Game, Unity Developer, Gameplay, Shader Engineer, Extended Reality, Augmented Reality, Virtual Reality, AR Developer, VR Developer, Unreal Engine, Unreal, Technical Artist"
176,QA Automation Engineer,"Test Automation Engineer, SDET, Software Development Engineer in Test, Automation Tester, QA Developer, Automation Specialist","QA Automation, Test Automation, Automation Engineer, Selenium, Cypress, Playwright, SDET, Automated Testing, Software Test, Test Scripts, Test Frameworks, Continuous Testing, Quality Automation, Automation Developer, CI/CD Testing"
182,DevOps Internships,"DevOps, Cloud Engineer","DevOps Engineer, DevOps Architect, DevOps Consultant, DevOps Specialist, DevOps Automation Engineer, DevOps Infrastructure Engineer, DevOps, DevSecOps, DevOps Security, DevOps & Security Automation, Cloud Security & DevOps, Cloud DevOps, AWS DevOps, Azure DevOps, GCP DevOps, Kubernetes DevOps Engineer, Platform Engineer, Site Reliability Engineer, SRE, SRE/DevOps, SRE Architect, Infrastructure Engineer, Infrastructure Reliability, DevOps & Release, CI/CD, Infrastructure Automation, Cloud Automation, Infrastructure as Code (IaC), Systems Engineer DevOps. Build and Release, Cloud Engineer, Cloud Operations, Platform Support Engineer, Automation Engineer, Systems Engineer, Site Reliabilty, Cloud, AWS Devops, Build and Release Engineer, CI/CD, Cloud Operations, Platform Support, Infrastructure, Automation Engineer, Systems"
185,Data Center Technician,"Data Center Engineer, Data Center Operations Technician, Data Center Support Technician, Data Center Specialist, IT Infrastructure Technician, Server Technician, Hardware Technician, Network Technician (Data Center), NOC Technician, NOC Engineer (Entry Level), IT Support Technician (Data Center), Rack and Stack Technician, Deployment Technician, Field Technician (Data Center), Systems Technician, Infrastructure Support Engineer, Data Center Operations Engineer, DC Technician, Data Center Maintenance Technician, Network Operations Technician","Data Center Operations, Data Center Infrastructure, Server Installation, Rack and Stack, Cabling, Structured Cabling, Fiber Optics, Network Cabling, Patch Panels, Hardware Installation, Server Hardware, Troubleshooting, Hardware Troubleshooting, Network Troubleshooting, IT Support, Infrastructure Support, Data Center Maintenance, Preventive Maintenance, Incident Management, Ticketing Systems, Monitoring, Network Monitoring, Server Monitoring, Power Management, UPS, PDU, Cooling Systems, HVAC (Data Center), IP Addressing, TCP/IP, LAN, WAN, Switching, Routing, Cisco, Juniper, Firewall Basics, Remote Hands, Asset Management, Inventory Management, Documentation, SLA, Escalation Handling"
191,Cloud Engineer,"Cloud Engineer, Linux, IT Support, DevOps, Customer Cloud Support","Cloud Security & DevOps, Cloud, AWS, Azure, GCP, Kubernetes, Platform Engineer, Infrastructure Engineer, Infrastructure Reliability, Infrastructure Automation, Cloud Automation, Infrastructure as Code, IaC,  Cloud Engineer, Cloud Operations, Platform Support Engineer, Automation Engineer, Cloud, AWS, Cloud Operations, Platform Support, Infrastructure, Automation Engineer, Linux, IT Support, Cloud, DevOps Engineer, DevOps Architect, DevOps Consultant, DevOps Specialist, DevOps Automation Engineer, DevOps Infrastructure Engineer, DevOps, DevSecOps, DevOps Security, DevOps & Security Automation, Cloud Security & DevOps, Cloud DevOps, AWS DevOps, Azure DevOps, GCP DevOps, Kubernetes DevOps Engineer, Platform Engineer, Site Reliability Engineer, SRE, SRE/DevOps, SRE Architect, Infrastructure Engineer, Infrastructure Reliability, DevOps & Release, CI/CD, Infrastructure Automation, Cloud Automation, Infrastructure as Code (IaC), Systems Engineer DevOps. Build and Release, Cloud Engineer, Cloud Operations, Platform Support Engineer, Automation Engineer, Systems Engineer, Site Reliabilty, Cloud, AWS Devops, Build and Release Engineer, CI/CD, Cloud Operations, Platform Support, Infrastructure, Automation Engineer"
194,MLOps Engineer,"Machine Learning Engineer, Artificial Intelligence, AI Infrastructure Engineer, DataOps Engineer, ML Platform Engineer, ML Systems Engineer, AI DevOps Engineer, Model Deployment Engineer, ML Pipeline Engineer","MLOps Engineer, ML Engineer, Machine Learning Engineer, Artificial Intelligence, AI Engineer, ML Platform Engineer, ML Systems Engineer, ML Infrastructure Engineer, DataOps Engineer, ML DevOps, AI DevOps, Model Deployment Engineer, Model Operations Engineer, Machine Learning Operations, Model Monitoring Engineer, MLflow, Kubeflow, Vertex AI, SageMaker, Azure ML, ML Pipeline Engineer, ML Automation Engineer, Model Serving Engineer, ML Lifecycle Engineer, ML Platform Developer, Continuous Training Engineer, Model Governance, Feature Store Engineer, ML Observability, ML CI/CD, ML Infrastructure Developer, Machine Learning, DevOps, ML, AI, Artificial Intelligence, CI/CD"
195,Software/Hardware Asset Management Analyst,"IT Asset Management Analyst, SAM Analyst, HAM Analyst, ITAM Specialist, IT Asset Coordinator, IT Operations Analyst, Configuration Management Analyst, License Compliance Analyst","IT Asset Management, ITAM, Software Asset Management, Hardware Asset Management, SAM, HAM, Asset Lifecycle, License Compliance, CMDB, Configuration Management, ServiceNow ITAM, ServiceNow SAM, IT Procurement, Software Licensing, Asset Inventory, Hardware Inventory, Asset Governance, ITSM, ITIL, IT Governance, Vendor Management, IT Operations, License Optimization, Contract Compliance, IT Audit, Asset, ServiceNow"
199,Actimize Developer,"Actimize Engineer, AML Developer, Financial Crime Technology Specialist, Compliance Technology Developer, Risk & Compliance Engineer, RCM Developer, Actimize Consultant, Actimize Technical Analyst, AML Solutions Engineer","Fraud, Actimize, AML, Actimize Developer, Actimize Engineer, NICE Actimize, AML Developer, AML Engineer, Financial Crime, Compliance, Actimize RCM, RCM, AIS, UDM, Transaction Monitoring, Fraud Detection, Sanctions Screening, Suspicious Activity Monitoring, Compliance Systems, Risk Case Management, Risk Management, Regulatory Technology, RegTech, AML Technology, AML Compliance, Financial Crime Prevention, AML Platform Engineer, Compliance Tech Engineer, Risk & Compliance Systems Developer, Actimize Support Engineer, Actimize Customization, Actimize Integration, Compliance Automation, Financial Crime Analytics, Transaction Surveillance, AML Tech Specialist"
200,Structural Engineer,"Structural Engineer, Civil Structural Engineer, Structural Design Engineer, Bridge Engineer, Construction Engineer, Structural Analysis Engineer, Structural Consultant, Civil Design Engineer, Infrastructure Engineer, Structural Project Engineer","Structural Engineer, Civil Structural Engineer, Structural Design Engineer, Structural Analysis, STAAD Pro, ETABS, SAP2000, Tekla Structures, Revit, AutoCAD, Civil 3D, Building Design, Bridge Design, Foundation Design, Reinforced Concrete, Steel Structures, Load Calculations, Earthquake Engineering, Seismic Design, Structural Modelling, Finite Element Analysis, Construction Engineering, Infrastructure Design, Structural Detailing, Design Calculations, Structural Drafting, Civil Engineering Design, Building Information Modelling (BIM), Structural Safety, Structural Assessment, Retrofitting, Structural Project Engineer"
202,Technical program Management,"Technical Program Manager, Project Manager, Product Manager, Project Engineer","Technical Program Manager, Project Manager, Product Manager, Project Engineer, Project Manager, Technical Delivery Manager, Delivery Coordinator, Delivery Lead, Delivery Manager, Program Coordinator, Program Lead, Program Manager, Project Coordinator, Scrum Master, PMO, Project Management, Project Support, Project Lead, Project Assistant, Project Delivery Engineer, Project Engineer, Technical Project Engineer,Project, Product, Program"
203,Project Coordinator,"Project Coordinator, Product Owner, Product Analyst, Strategy associate, Project Management, Project Engineer, Product Manager","Product manager, product owner, product analyst, strategy associate, Project Manager, Technical Delivery Manager, Delivery Coordinator, Delivery Lead, Delivery Manager, Program Lead, Program Manager, Project Coordinator, Scrum Master, PMO, Project Management, Project Support, Project Lead, Project Assistant, Project Delivery Engineer, Project Engineer, Technical Project Engineer, Project, Product, Program"
204,Quality Analyst,"GMP Quality Analyst, GMP, Regulatory Compliance Analyst, Quality Assurance, Quality Control, QA/QC, Quality Compliance, Validation Analyst","Quality Analyst, Quality Control, QC, Pharmaceutical Quality, GMP, cGMP, GLP, GxP, GCP, Quality Systems, Quality Management, QMS, Deviation Management, CAPA, Change Control, Document Control, Batch Review, Validation, Laboratory Quality, Audit Support, FDA Compliance, ISO 9001, WHO GMP, Regulatory Compliance, Pharma Manufacturing, QC Analyst, LIMS, SOP, Good Manufacturing Practices, Good Clinical Practices, Good Laboratory Practices"
208,Agronomy Operations,"Agronomist, Crop Advisor, Agricultural Operations Specialist, Agribusiness Operations Analyst, Precision Agriculture Specialist, Farm Operations Manager, Crop Production Specialist, Agricultural Scientist","Agronomy, Agronomist, Crop Science, Crop Management, Field Operations, Farm Management, Soil Science, Precision Agriculture, Sustainable Agriculture, Irrigation Management, Fertilizer Management, Crop Advisory, Pest Management, Seed Technology, Plant Nutrition, Field Trials, AgTech, Agribusiness, Crop Protection, Agricultural Operations, Sustainable Farming, Yield Optimization, Agricultural Extension, Crop Monitoring, Remote Sensing, Farm Data Analysis, Agriculture Research, Agrochemicals, Crop Production Planning, Field Data Collection, GIS in Agriculture"
212,Epic Analyst,"EHR Analyst, EMR Analyst, Clinical Systems Analyst, Healthcare IT Analyst ","Epic, Epic Analyst, Epic Systems, Epic EHR, Epic EMR, Epic Application Analyst, Epic Implementation, Epic Support, EpicCare, Epic Resolute, Epic Beacon, Epic Clarity, Epic Bridges, Epic Cadence, Epic Willow, Epic Radiant, Epic MyChart, Epic Tapestry, Epic Prelude, Epic Grand Central, Epic Orders, EHR Systems, EMR Systems, Clinical Applications, Healthcare IT, Health Informatics, Healthcare Systems, HIS Analyst, EHR Implementation, Healthcare Data Analyst, Healthcare Applications Specialist, Clinical Informatics, Epic Training, Epic Patient Access, Epic revenue"
213,Dynamics 365,"Dynamics CRM, Power Platform Engineer, Microsoft Business Applications Specialist","Dynamics 365, Microsoft Dynamics, Dynamics CRM, Dynamics ERP, Dynamics 365 Finance & Operations, D365 F&O, Dynamics 365 Business Central, Dynamics 365 Sales, Dynamics 365 Customer Service, Dynamics 365 Marketing, Dynamics 365 Field Service, Dynamics 365 Supply Chain, Dynamics AX, Dynamics NAV, Power Platform, Power Apps, Power Automate, Power BI, Dataverse, Microsoft Flow, CRM Customization, ERP Configuration, Plugin Development, X++, C#, .NET, Azure Integration, Solution Design, Functional Consultant, Technical Consultant, CRM Implementation, ERP Implementation, Business Applications, D365 Developer, Dynamics Integration, API Integration, Cloud ERP, Dynamics Support, Dynamics Deployment"
214,Project Management,"Project Management, Program Manager, Project Engineer","Project Manager, Technical Delivery Manager, Delivery Coordinator, Delivery Lead, Delivery Manager, Program Coordinator, Program Lead, Program Manager, Project Coordinator, Scrum Master, PMO, Project Management, Project Support, Project Lead, Project Assistant, Project Delivery Engineer, Project Engineer, Technical Project Engineer, Project, Product manager, product, Program manager"
219,Quality Analyst,"Quality Analyst, GMP, Regulatory Compliance Analyst, Quality Assurance, Quality Control, QA/QC, Quality Compliance, Validation Analyst","Quality Analyst, Quality Control, QC, Pharmaceutical Quality, GMP, cGMP, GLP, GxP, GCP, Quality Systems, Quality Management, QMS, Deviation Management, CAPA, Change Control, Document Control, Batch Review, Validation, Laboratory Quality, Audit Support, FDA Compliance, ISO 9001, WHO GMP, Regulatory Compliance, Pharma Manufacturing, QC Analyst, LIMS, SOP, Good Manufacturing Practices, Good Clinical Practices, Good Laboratory Practices"
225,Business Intelligence Engineer Internships,"Product Analyst Intern, Business Analyst Intern, Growth Analyst Intern, Product operations Intern","Business Intelligence, Business Insights, Analytics Engineer, Product Analytics, Analytics Engineer, Analytics Technologist, Data Analyst, Data Platform Engineer, Reporting Analyst, Operations Analyst, Operations Specialist, Product Analyst, Product Specialist, Reporting, Analytics Visualization, Power BI, Data Specialist, Tableau, Visualization, Dashboard, Data Visualization, Analytics Consultant, Power BI/Tableau Developer, Wealth Management, Data Analyst, Data Platform Engineer, Reporting Analyst, Operations Analyst, Operations Specialist, Product Analyst, Product Specialist, Reporting, Analytics Visualization, Power BI, Business Intelligence, Data Specialist, Tableau, Visualization, Dashboard, Data Visualization, Analytics Consultant, Power BI/Tableau Developer, Business analyst"
228,Medical Affairs,"Medical Science, MSL, Medical Advisor, Clinical Affairs, Medical Information Specialist, Scientific Affairs, Epidemiology,Biostatistics,Key stone manager","Medical Affairs, Medical Science Liaison, MSL, Medical Advisor, Clinical Affairs, Scientific Affairs, Medical Information, KOL Engagement, Key Opinion Leaders, Clinical Trials Support, Real World Evidence, RWE, Evidence Generation, Medical Strategy, Medical Communications, Publications, Medical Education, Investigator Meetings, Scientific Exchange, Medical Compliance, Pharmacovigilance Support, Drug Safety, Regulatory Affairs Interface, Life Sciences, Pharmaceutical Medical Affairs"
229,Network Security Engineer,"Network Security Analyst, Cyber Security Engineer, Infrastructure Security Engineer, Network Engineer (Security), Security Operations Engineer, SOC Engineer, Firewall Engineer","Network Security Engineer, Network Security, Cyber Security, Information Security, Firewall, Palo Alto, Fortinet, Cisco ASA, Check Point, IDS, IPS, SIEM, SOC, Network Monitoring, VPN, LAN, WAN, TCP/IP, Network Hardening, Vulnerability Management, Threat Detection, Incident Response, Zero Trust, Cloud Network Security, Azure Network Security, AWS Network Security, Security Operations, NOC, Security Engineering"
231,Frontend Engineering,"Frontend, Front End, UI Engineer, UI Developer, Web Developer (Frontend), Software Engineer (Frontend), Frontend Software Engineer, JavaScript Engineer, React Developer, Web UI Engineer, Client-Side Engineer, Product Engineer, Full Stack Engineer (Frontend-heavy)","Frontend Engineer, Frontend Developer, Front End Engineer, Front End Developer, UI Engineer, UI Developer, Software Engineer (Frontend), Frontend Software Engineer, Web Developer (Frontend), JavaScript Engineer, React Developer, Web UI Engineer, Client-Side Engineer, Product Engineer (Frontend), Full Stack Engineer (Frontend), Frontend Architect, Senior Frontend Engineer, Lead Frontend Engineer, Staff Frontend Engineer, Principal Frontend Engineer, UI Software Engineer, Frontend Application Engineer, Frontend Engineer, Frontend Developer, Front End Engineer, Front End Developer, UI Engineer, UI Developer, Frontend Software Engineer, Software Engineer Frontend, Web Developer Frontend, React Developer, JavaScript Engineer, Client-Side Engineer, Product Engineer, Frontend Architect, Full Stack Engineer, React, JavaScript, TypeScript, Next.js, Front End, JavaScript, TypeScript, React, Next.js, HTML, CSS, REST API, GraphQL, SSR, SSG, Performance Optimization, Accessibility (WCAG), Component-Based Architecture, Redux/Zustand, Jest, Webpack/Vite, Git, CI/CD, AI UI, LLM integration"
232,ITSM/ITIL,"IT Service Management, ITIL, IT Operations, Service Delivery, IT Support, Service Management, IT Process","ITSM, ITIL, IT Service Management, Incident Management, Problem Management, Change Management, Service Request Management, ServiceNow, BMC Remedy, Jira Service Management, Service Desk, CMDB, SLA, SLO, IT Operations, Service Delivery, IT Governance, Service Improvement, ITIL Framework, Knowledge Management, Asset Management, ITSM Tools, Service Transition, Service Operations"
233,GRC Analyst,"Risk Analyst, Compliance Analyst, Regulatory Compliance, Enterprise Risk Analyst","GRC Analyst, Governance Risk Compliance, Risk Management, Compliance, IT Risk, Information Security Risk, Regulatory Compliance, SOX, ISO 27001, ISO 27701, NIST, GDPR, SOC 1, SOC 2, PCI DSS, HIPAA, Vendor Risk, Internal Controls, Risk Assessment, Control Testing, Audit Support, Compliance Monitoring, Policy Management, Risk Register, Enterprise Risk Management, ERM, GRC Tools, Archer, ServiceNow GRC"
234,Photography,"Photographer, Visual Content Creator, Photojournalist, Advertising","Photography, Photographer, Professional Photographer, Commercial Photography, Product Photography, Studio Photography, Creative Photography, Visual Content, Digital Photography, Adobe Lightroom, Adobe Photoshop, Photo Editing, Image Retouching, Visual Storytelling, Brand Photography, Marketing Photography, Lifestyle Photography, Corporate Photography, Portrait Photography, Event Photography, E-commerce Photography, Social Media Content, Creative Content, Photo Production, Photography Studio, Camera Equipment, Lighting Setup, Post Production, Visual Media"
236,System Infrastructure Engineer,"Infrastructure Engineer, Systems Engineer, Platform Engineer, Systems Administrator, Site Reliability Engineer","System Infrastructure Engineer, Infrastructure Engineer, Systems Engineer, IT Infrastructure, Systems Administration, Linux Administrator, Windows Administrator, Server Management, Virtualization, VMware, Hyper-V, Infrastructure Operations, Platform Engineering, Cloud Infrastructure, AWS Infrastructure, Azure Infrastructure, GCP Infrastructure, Networking Basics, DNS, DHCP, Load Balancing, Storage Systems, SAN, NAS, Backup and Recovery, Disaster Recovery, High Availability, Monitoring, Infrastructure Automation, Ansible, Terraform, PowerShell, Bash, Infrastructure as Code, DevOps Infrastructure, On-Prem Infrastructure, Hybrid Infrastructure"
237,Bioinformatics,"Computational Biology, clinical research, clinical trail","Bioinformatics, Bioinformatician, Computational, Computational Biology, Clinical Research Coordinator, Clinical Research Assistant, Clinical Research Associate, Clinical Trials Coordinator, Clinical Trials Assistant, Clinical Trials Associate, Clinical Study Coordinator, Research Study Coordinator, Study Coordinator, Clinical Coordinator, Clinical Site Coordinator, Clinical Trial Support Specialist, Clinical Project Coordinator, Research Coordinator , Swat Coordinator, CRA, CRC, CTA, RSC, SC, Aide, Clinical Research, Clinical Trials, Clinical Trial, Research Associate, Research Assistant, scientist, Research Fellow"
238,AI/ML Engineer,"Machine Learning, AI Engineer, ML Engineer, Artificial Intelligence, Deep Learning, Data Scientist, Applied Scientist","AI/ML Engineer, Machine Learning Engineer, ML Engineer, AI Engineer, Artificial Intelligence, Machine Learning, Deep Learning, Neural Networks, Model Development, Model Training, Model Deployment, Feature Engineering, Python, TensorFlow, PyTorch, Scikit-learn, NLP, Computer Vision, Recommendation Systems, Predictive Modeling, LLM, Generative AI, Transformers, Prompt Engineering, Model Inference, ML Pipelines, MLOps, MLflow, Kubeflow, SageMaker, Vertex AI, Azure ML, API Integration, Production ML, Model Optimization, AI Systems, Applied Machine Learning Engineer, Deep Learning Engineer, Applied Scientist, AI Software Engineer, ML Systems Engineer, AI Platform Engineer, Generative AI Engineer, LLM Engineer, NLP Engineer, Computer Vision Engineer, Recommendation Systems Engineer, ML Infrastructure Engineer, Production ML Engineer, AI Solutions Engineer, AI Research Engineer, Machine Learning Developer, Artificial Intelligence Engineer, AI Developer, Machine Learning Specialist, Machine Learning Consultant, AI Consultant, AI Solutions Architect, AI Architect, AI Platform Developer, Machine Learning Architect, AI Application Engineer, AI Applications Developer, ML Applications Engineer, ML Software Engineer, AI Software Developer, Data Scientist (Machine Learning), Senior Machine Learning Engineer, Lead Machine Learning Engineer, Principal Machine Learning Engineer, AI Infrastructure Engineer, Machine Learning Platform Engineer, AI Platform Architect, AI Systems Engineer, ML Systems Architect, Generative AI Developer, GenAI Engineer, LLM Developer, Foundation Model Engineer, AI Model Engineer, ML Model Engineer, ML Ops Engineer, AI Operations Engineer, Machine Learning Operations Engineer"
239,SAP FICO,"SAP Functional Consultant (FICO), SAP Finance, SAP FI, SAP CO, SAP Finance & Controlling, SAP S/4HANA Finance Consultant","SAP FICO, SAP FI, SAP CO, SAP Finance, SAP Controlling, SAP S/4HANA Finance, SAP ECC, General Ledger, GL Accounting, Accounts Payable, Accounts Receivable, Asset Accounting, Cost Center Accounting, Profit Center Accounting, Internal Orders, COPA, Financial Accounting, Management Accounting, Month End Close, Financial Reporting, SAP Configuration, SAP Functional, SAP Implementation, SAP Rollout, SAP Support, SAP Integration, SAP Tax, SAP Treasury, SAP Migration, S/4HANA Conversion, SAP FICO Consultant, SAP FI/CO Consultant, SAP FICO Analyst, SAP Finance Consultant, SAP Functional Consultant (FICO), SAP S/4HANA Finance Consultant, SAP FI Consultant, SAP CO Consultant, SAP Finance & Controlling Consultant, SAP Implementation Consultant (FICO), SAP Support Consultant (FICO), SAP Business Analyst (Finance), SAP Accounting Consultant, SAP Financial Systems Analyst, Senior SAP FICO Consultant, SAP Finance Lead, SAP FICO Solution Consultant"
242,Marketing Automation Specialist,"Marketing Operations, Marketo, Lifecycle Marketing Manager, Demand Generation, Growth Operations, Revenue Operations, Campaign Operations","Marketing Automation, Marketing Automation Specialist, Marketing Operations, Marketing Ops, Marketo, HubSpot, Salesforce Marketing Cloud, Pardot, Eloqua, Lifecycle Marketing, Demand Generation Operations, Demand Gen Ops, Campaign Management, Lead Management, Lead Scoring, Lead Nurturing, Email Marketing Automation, Drip Campaigns, Customer Journeys, CRM Integration, Salesforce CRM, Marketing Analytics, Attribution, Funnel Management, Revenue Operations, RevOps, Growth Marketing Operations, Marketing Technology, MarTech, Campaign Operations, B2B Marketing, Account-Based Marketing, ABM, Customer Lifecycle, Marketing Automation Platforms, Marketing Automation Specialist, Marketing Automation Manager, Marketing Operations Specialist, Marketing Operations Manager, Marketo Specialist, Marketo Consultant, Lifecycle Marketing Manager, Demand Generation Operations Manager, Demand Gen Operations Specialist, Campaign Operations Manager, Growth Operations Manager, Revenue Operations Specialist, RevOps Analyst, Marketing Technology Specialist, Marketing Systems Manager, CRM Marketing Specialist, Salesforce Marketing Automation Specialist, B2B Marketing Operations Manager"
244,Tosca Test Automation Engineer,"Tosca Engineer, Tricentis Tosca Engineer, Tosca Test Engineer, Tosca QA Engineer","Tosca, Tricentis Tosca, Tosca Automation, Tosca Test Automation, Tosca Engineer, Tosca Test Engineer, Model-Based Testing, MBT, Automation Framework, Test Automation, Functional Automation, API Testing, SAP Testing, Salesforce Testing, UI Automation, Regression Automation, Test Case Design, Test Data Management, Risk-Based Testing, Continuous Testing, CI/CD, Jenkins, Jira, qTest, Tosca Commander, Tosca Execution, Tosca Modules, Tosca Certification, Enterprise Automation, Agile Testing, DevOps Testing, Tosca Test Automation Engineer, Tosca Automation Engineer, Tricentis Tosca Engineer, Tosca Test Engineer, Automation Engineer (Tosca), Tosca QA Engineer, Tosca Consultant, Tosca SDET, Test Automation Consultant (Tosca), Senior Tosca Automation Engineer, Tosca Lead Automation Engineer, Tosca Specialist, Tosca Implementation Consultant, Tosca Test Analyst, Enterprise Automation Engineer (Tosca)"
245,Netsuite,"NetSuite Administrator, NetSuite Consultant, NetSuite Functional Consultant, NetSuite Developer, NetSuite Business Analyst, NetSuite Systems Administrator, NetSuite Technical Consultant, NetSuite Techno-Functional Consultant, NetSuite ERP Consultant, NetSuite Implementation Consultant, NetSuite Integration Consultant, NetSuite Application Analyst, NetSuite Solutions Architect, NetSuite Architect, NetSuite Platform Engineer","NetSuite, Oracle NetSuite, NetSuite ERP, SuiteScript, SuiteScript 2.0, SuiteFlow, SuiteAnalytics, SuiteBuilder, Saved Searches, NetSuite Configuration, NetSuite Customization, ERP Implementation, Financial Modules, General Ledger, Accounts Payable, Accounts Receivable, Revenue Recognition, Inventory Management, Order Management, CRM, NetSuite Reporting, SuiteCloud, RESTlet, SOAP, NetSuite API, Data Migration, Workflow Automation, ERP Systems, SaaS ERP, NetSuite OneWorld, Business Systems"
246,Atlassian Engineer / Jira,"Atlassian, Jira","Atlassian, Jira, Jira Administrator, Jira Admin, Jira Developer, Jira Engineer, Confluence, Bitbucket, Jira Service Management, JSM, Jira Cloud, Jira Data Center, Jira Server, Workflow Configuration, Workflow Automation, Jira Customization, Groovy, ScriptRunner, Atlassian API, REST API, Plugin Development, Jira Integration, Service Desk, Agile Boards, Scrum, Kanban, Atlassian Access, User Provisioning, Permission Schemes, Issue Types, Dashboards, SLA Management, ITSM (Jira), Automation for Jira, Atlassian Marketplace Apps, Jira Administrator, Atlassian Engineer, Jira Engineer, Atlassian Administrator, Jira Developer, Atlassian Consultant, Jira Systems Administrator, Jira Platform Engineer, Atlassian Platform Engineer, Jira Configuration Specialist, Jira Service Management Administrator, JSM Administrator, Senior Jira Administrator, Atlassian Solutions Engineer, Jira Integration Engineer, Atlassian SME, Jira Support Engineer"
250,RTL Design Engineer,"RTL Engineer, Digital Design Engineer, ASIC Design Engineer, FPGA Design Engineer, VLSI Design Engineer, Hardware Design Engineer, SoC Design Engineer, Logic Design Engineer","RTL Design Engineer, RTL Engineer, Register Transfer Level, Verilog, SystemVerilog, VHDL, ASIC Design, FPGA Design, Digital Design, VLSI, SoC, Logic Design, Synthesis, Static Timing Analysis, STA, Design Constraints, UVM, Testbench Development, Simulation, ModelSim, Questa, Synopsys, Cadence, Xilinx, Intel FPGA, Design Verification, Hardware Description Language, HDL, Low Power Design, Clock Domain Crossing, CDC, Microarchitecture, Silicon Design, RTL Design Engineer, RTL Engineer, Digital Design Engineer, ASIC Design Engineer, FPGA Design Engineer, VLSI Design Engineer, SoC Design Engineer, Hardware Design Engineer, Logic Design Engineer, Senior RTL Engineer, ASIC RTL Engineer, FPGA RTL Engineer, Digital IC Design Engineer, Microarchitecture Engineer, Semiconductor Design Engineer"
251,Chemical Engineer,"Process Engineer, Production Engineer (Chemical), Plant Engineer, Manufacturing Engineer (Chemical), Refinery Engineer, Industrial Chemical Engineer","Chemical Engineer, Process Engineer, Chemical Process, Process Design, Process Optimization, Process Simulation, Aspen HYSYS, Aspen Plus, CHEMCAD, MATLAB, Heat Transfer, Mass Transfer, Thermodynamics, Reaction Engineering, Distillation, Refinery Operations, Petrochemical, Oil & Gas, Manufacturing Plant, Chemical Manufacturing, Process Safety, HAZOP, PFD, P&ID, Plant Operations, Production Optimization, Quality Control (Chemical), Environmental Compliance, Waste Treatment, Polymer Processing, Industrial Chemistry, Scale-Up, Chemical Plant Design,Chemical Engineer, Process Engineer, Chemical Process Engineer, Production Engineer (Chemical), Plant Engineer, Process Development Engineer, Refinery Engineer, Manufacturing Engineer (Chemical), Industrial Chemical Engineer, Process Design Engineer, Senior Process Engineer, Operations Engineer (Chemical), Environmental Process Engineer, Petrochemical Engineer, Chemical Plant Engineer"
252,Design Verification Engineer,"Verification Engineer, ASIC Verification Engineer, SoC Verification Engineer, Digital Verification Engineer, VLSI Verification Engineer, FPGA Verification Engineer, Pre-Silicon Verification Engineer","Design Verification Engineer, Verification Engineer, DV Engineer, ASIC Verification, SoC Verification, VLSI Verification, UVM, SystemVerilog, Verilog, VHDL, Testbench Development, Functional Verification, Constrained Random Verification, Coverage Analysis, Code Coverage, Functional Coverage, Assertion-Based Verification, SVA, Simulation, ModelSim, Questa, VCS, Xcelium, Cadence, Synopsys, FPGA Verification, Pre-Silicon Validation, Regression Testing (Hardware), Debugging, Protocol Verification, AMBA, AXI, PCIe, DDR, CDC Verification, Formal Verification, Emulation, Hardware Verification, Design Verification Engineer, Verification Engineer, ASIC Verification Engineer, SoC Verification Engineer, DV Engineer, Digital Verification Engineer, VLSI Verification Engineer, FPGA Verification Engineer, Pre-Silicon Verification Engineer, Hardware Verification Engineer, UVM Verification Engineer, Senior Verification Engineer, Verification Lead, Silicon Verification Engineer, IC Verification Engineer"
254,Game UI / Interactive UI Designer,"Game UI Designer, Technical UI Designer, UI Artist – Games, Unreal UMG Designer, Unity UI Systems Designer, AR/VR UI Designer, Simulation UI Designer, UI/UX Designer, Interactive Interface Designer, Digital Experience Designer, UI Designer (Digital Experiences), UI/UX Designer – Interactive Systems, UI Artist","Game UI, Game UI Designer, UI Artist, UI/UX Designer, Interactive UI, Unreal Engine, Unity, Unreal UMG, Unity UI Toolkit, Unity Canvas, AR/VR UI, VR Interface Design, XR UI, Simulation UI, HUD Design, In-Game UI, User Interface Design, UX Design, Wireframing, Prototyping, Figma, Adobe XD, Photoshop, Illustrator, Motion UI, Interaction Design, Game Development, Blueprint UI (Unreal), C# (Unity UI), UI Animation, UI Implementation, Player Experience, UI Systems, UI Frameworks, Mobile Game UI, Console UI, PC Game UI, Interactive Systems, Real-Time UI, Game UI Designer, UI Artist, UI/UX Designer (Games), Technical UI Designer, Unreal UMG Designer, Unity UI Designer, Unity UI Systems Designer, AR/VR UI Designer, Simulation UI Designer, Interactive Interface Designer, Digital Experience Designer, UI Designer (Digital Experiences), UI/UX Designer – Interactive Systems, UI Implementation Designer, XR UI Designer, Gameplay UI Designer, Senior Game UI Designer, Lead UI Artist"
259,Full Stack Cloud Engineer,"Cloud Software Engineer, Full Stack Engineer, Cloud Developer, Frontend Cloud Engineer, Backend Cloud Engineer, Platform Engineer (Cloud Applications)","Full Stack Cloud Engineer, Full Stack Developer, Cloud Developer, Cloud Software Engineer, Cloud Application Development, Cloud-Native Applications, AWS, Azure, Google Cloud, GCP, Microservices, REST APIs, GraphQL, Node.js, Java, Python, Spring Boot, Express.js, React, Angular, Vue.js, TypeScript, Docker, Kubernetes, Serverless, Lambda, API Gateway, Cloud Functions, Terraform, Infrastructure as Code, CI/CD, GitHub Actions, Jenkins, DevOps, Distributed Systems, Scalable Systems, Cloud Databases, PostgreSQL, MongoDB, Redis, Authentication, OAuth, Cloud Security, Full Stack Cloud Engineer, Cloud Software Engineer, Full Stack Developer (Cloud), Cloud Application Engineer, Cloud-Native Developer, Backend Cloud Engineer, Full Stack Engineer, Cloud Platform Engineer, Senior Cloud Application Developer, Cloud Systems Developer, Microservices Engineer, Cloud Solutions Developer, Cloud Integration Engineer"
261,SAP SD,"SAP SD Consultant, SAP SD Functional Consultant, SAP Sales and Distribution Consultant, SAP SD Analyst, SAP Business Analyst (SAP SD), SAP Order to Cash Consultant, SAP OTC Consultant, SAP QTC Consultant, SAP S/4HANA SD Consultant, SAP S/4 Order to Cash Consultant, SAP SD Techno-Functional Consultant, SAP SD Integration Consultant","SAP SD, SAP Sales and Distribution, Order to Cash, Quote to Cash, SAP S/4HANA SD, SAP ERP, SAP SD Configuration, Pricing Configuration, Sales Order Processing, Order Management, Billing, Invoicing, Shipping, Delivery Processing, Contract Management, Revenue Recognition, Customer Master Data, Pricing Engine, SAP CPQ, SAP BRIM, Subscription Billing, SAP Integration, EDI, IDoc, API Integration, SAP CRM, SAP Commerce, Cross-module Integration"
263,Data Science Internships,"Machine Learning, Generative AI, Machine Learning Engineer","Data Scientist, Data Science, Machine Learning, ML, Artificial Intelligence, AI, Data Platform Engineer, Data Mining Specialist, Data Specialist, Generative AI, Agentic AI"
264,Credit Risk Analyst,"Credit Analyst, Risk Analyst (Credit), Credit Underwriter, Credit Portfolio Analyst,, Risk Modeling Analyst (Credit)","Credit Risk Analyst, Credit Analyst, Credit Risk, Credit Underwriter, Credit Risk Associate, Credit Portfolio Analyst, Lending Analyst, Loan Analyst, Risk Analyst (Credit), Wholesale Credit Analyst, Retail Credit Analyst, Credit Risk Modeling, Risk Modeling Analyst, Credit Risk Consultant, Credit Risk Specialist, Credit Risk Manager, Credit Risk Officer, Credit Risk SME, Credit Risk Quant Analyst, Credit Risk Data Analyst, Credit Risk Analyst, Credit Analyst, Credit Underwriter, Credit Risk Associate, Credit Portfolio Analyst, Lending Analyst, Loan Analyst, Wholesale Credit Analyst, Retail Credit Analyst, Risk Analyst (Credit), Credit Risk Consultant, Credit Risk Specialist, Credit Risk Manager, Credit Risk Officer, Credit Risk Quant Analyst, Credit Risk Data Analyst, Senior Credit Risk Analyst"
265,Market Research Analyst,"Market Analyst, Consumer Insights Analyst, Marketing Analyst, Business Research Analyst, Industry Analyst, Insights Analyst, Market Intelligence Analyst, Competitive Intelligence Analyst, Customer Insights Analyst","Market Research Analyst, Market Analyst, Research Analyst, Consumer Insights Analyst, Insights Analyst, Market Intelligence Analyst, Competitive Intelligence Analyst, Customer Insights Analyst, Business Research Analyst, Industry Analyst, Marketing Analyst (Research), Market Research Executive, Market Research Associate, Research Executive, Research Specialist, Market Intelligence Specialist, Consumer Research Analyst, Strategic Research Analyst"
268,SAP BTP / CPI Consultant,"SAP BTP, SAP CPI, SAP Integration Consultant, SAP Cloud Platform Integration Consultant, SAP Integration Developer, SAP Middleware Consultant, SAP PI/PO Consultant (Migration), SAP Cloud Integration Developer, SAP API Integration Consultant","SAP BTP, SAP Business Technology Platform, SAP CPI, SAP Cloud Platform Integration, SAP Integration Consultant, SAP Integration Developer, SAP Middleware Consultant, SAP PI/PO, SAP PI/PO Migration, SAP Cloud Integration, SAP API Management, SAP Integration Suite, SAP BTP Developer, SAP Cloud Platform, SAP API Integration, SAP OData, SAP REST API, SAP SOAP, SAP Integration Flow, iFlow, SAP Event Mesh, SAP BTP Integration, SAP Data Integration, SAP Connectivity, SAP Cloud Connector, SAP Extension Suite, SAP CAP, SAP Kyma, SAP Integration Specialist, SAP Interface Developer, SAP BTP Consultant, SAP CPI Consultant, SAP Integration Consultant, SAP Cloud Platform Integration Consultant, SAP Integration Developer, SAP Middleware Consultant, SAP PI/PO Consultant, SAP BTP Developer, SAP Integration Specialist, SAP API Integration Consultant, SAP Cloud Integration Developer, SAP Integration Architect, SAP CPI Developer, SAP BTP Integration Consultant, SAP Interface Developer, SAP Integration Lead"
269,Controls Software Engineer,"Controls Engineer, Automation Engineer, PLC Programmer, Embedded Controls Engineer, Robotics Controls Engineer, Mechatronics Engineer, SCADA Engineer, Industrial Software Engineer, SCADA Developer, HMI Developer, HMI Engineer, Manufacturing Software Engineering Systems Engineer","Controls Software Engineer, Controls Engineer, Automation Engineer, Industrial Automation Engineer, Control Systems Engineer, PLC Programmer, PLC Engineer, SCADA Engineer, Robotics Controls Engineer, Embedded Controls Engineer, Mechatronics Engineer, Industrial Software Engineer, PLC Programming Engineer, Automation Software Engineer, Control Systems Software Engineer, Process Control Engineer, Manufacturing Automation Engineer, Industrial Controls Engineer, Control Systems Developer, Controls Software Engineer, Controls Engineer, Automation Engineer, Industrial Automation Engineer, Control Systems Engineer, PLC Programmer, PLC Engineer, SCADA Engineer, Robotics Controls Engineer, Embedded Controls Engineer, Mechatronics Engineer, Industrial Software Engineer, Automation Software Engineer, Control Systems Software Engineer, Manufacturing Automation Engineer, Process Control Engineer, Industrial Controls Engineer"
270,Data Centre Network Engineer,"Network Engineer, Infrastructure Network Engineer, Network Operations Engineer, Cloud Network Engineer, Network Infrastructure Engineer, Data Center Engineer, Site Reliability Engineer (Networking), NOC Engineer, Network Support Engineer, Systems Engineer (Networking), DevOps Engineer (Networking-focused)","Data Center Networking, TCP/IP, Routing and Switching, VLAN, Subnetting, Cisco (CCNA, CCNP), BGP, OSPF, MPLS, VPN, Load Balancing, Network Security, Firewalls, Spine-Leaf Architecture, Network Fabric, Clos Architecture, SDN (Software Defined Networking), AWS VPC, Azure Networking, Hybrid Cloud Networking, Network Monitoring, Troubleshooting, High Availability, Scalability"
271,Power Apps,"Power platform, power automate, Dynamic 365, CRM, Microsoft developer, Microsoft system Administrator, Microsoft Dynamic consultant, power Apps developer, Power Bi developer, Microsoft Business Applications Developer, Power Platform Functional Consultant, Power Platform Technical Consultant","Power Apps, Power Platform, Power Automate, Power Apps Developer, Power Platform Developer, Power Automate Developer, Power Platform Consultant, Power Platform Engineer, Power Platform Specialist, Microsoft Power Platform, Dynamics 365 Developer, Dynamics 365 Consultant, Dynamics CRM Developer, CRM Developer (Dynamics 365), Microsoft Business Applications Developer, Power Platform Functional Consultant, Power Platform Technical Consultant, Power Apps Consultant, Power Automate Consultant, Power Platform Analyst, Power Platform Administrator, Power Platform Architect, Power Platform Lead, Dynamics 365 Functional Consultant, Dynamics 365 Technical Consultant, CRM Consultant (Dynamics), Power Platform Support Engineer"
275,Pega Developer,"Pega Consultant, Pega System Architect, Pega SSA, Pega LSA, Pega BPM, Pega Application Developer, Pega Engineer, Pega Architect","Pega, Pega Developer, Pega Consultant, Pega Engineer, Pega Application Developer, Pega System Architect, Pega SSA, Pega LSA, Pega BPM Developer, Pega BPM Consultant, Pega Decisioning Developer, Pega Architect, Pega Technical Consultant, Pega Platform, Pegasystems, Pega PRPC, Pega CDH, Pega Customer Decision Hub, Pega Robotics, Pega RPA Developer, Pega Business Process Developer, BPM Developer (Pega), Pega Integration Developer, Pega API Developer, Pega Rules Developer, Pega Workflow Developer, Pega Case Management Developer, Pega UI Developer, Senior Pega Developer, Lead Pega Developer"
280,Healthcare Business Analyst,"Healthcare Business Analyst, Clinical Business Analyst, Healthcare Operations Business Analyst, Hospital Business Analyst, Clinical Process Analyst, Healthcare Process Analyst, Healthcare Functional Analyst, Clinical Workflow Analyst, Healthcare Quality Analyst, Revenue Cycle Business Analyst, RCM Business Analyst, Medical Billing Business Analyst, Claims Business Analyst, Denials Business Analyst, Clinical Documentation Analyst, HIM Business Analyst, Patient Flow Analyst, Care Coordination Analyst, Utilization Review Analyst","Healthcare Business Analysis, Clinical Workflow Analysis, Healthcare Operations Analysis, Hospital Operations, Requirement Gathering, BRD, FRD, Use Cases, User Stories, Gap Analysis, Stakeholder Management, Process Mapping, Process Improvement, Workflow Optimization, Healthcare Processes, Patient Care Process, Revenue Cycle Management, RCM, Medical Billing, Claims Analysis, Denial Management, Accounts Receivable, Payment Posting, Charge Entry, Clinical Documentation, Medical Records, Health Information Management, ICD-10 Coding, CPT Coding, HIPAA, Healthcare Compliance, Patient Data Privacy, Clinical Audit, Patient Registration, Admission Discharge Transfer, ADT, Appointment Scheduling, Care Coordination, Clinical Pathways, Reporting, Excel"
